timeStamp,elapsed,label,responseCode,responseMessage,threadName,dataType,success,failureMessage,bytes,sentBytes,grpThreads,allThreads,URL,Latency,IdleTime,Connect
1694499382301,1,Non blocking http request,200,OK,Non blocking request threads 1-1,text,true,,256,131,1,2,http://localhost:3000/non-blocking,1,0,0
1694499382301,1006,Blocking request,200,OK,Blocking request threads 2-1,text,true,,271,127,1,6,http://localhost:3000/blocking,1006,0,1
1694499382302,1006,Non blocking http request,200,OK,Non blocking request threads 1-1,text,true,,256,131,5,6,http://localhost:3000/non-blocking,1006,0,0
1694499383308,0,Non blocking http request,200,OK,Non blocking request threads 1-1,text,true,,256,131,5,6,http://localhost:3000/non-blocking,0,0,0
1694499383308,1018,Blocking request,200,OK,Blocking request threads 2-1,text,true,,271,127,1,6,http://localhost:3000/blocking,1018,0,0
1694499382500,1826,Non blocking http request,200,OK,Non blocking request threads 1-2,text,true,,256,131,5,6,http://localhost:3000/non-blocking,1826,0,1
1694499382701,1626,Non blocking http request,200,OK,Non blocking request threads 1-3,text,true,,256,131,5,6,http://localhost:3000/non-blocking,1626,0,0
1694499382900,1427,Non blocking http request,200,OK,Non blocking request threads 1-4,text,true,,256,131,5,6,http://localhost:3000/non-blocking,1427,0,0
1694499383100,1227,Non blocking http request,200,OK,Non blocking request threads 1-5,text,true,,256,131,5,6,http://localhost:3000/non-blocking,1227,0,0
1694499383308,1019,Non blocking http request,200,OK,Non blocking request threads 1-1,text,true,,256,131,5,6,http://localhost:3000/non-blocking,1019,0,0
1694499384326,1005,Blocking request,200,OK,Blocking request threads 2-1,text,true,,271,127,1,6,http://localhost:3000/blocking,1005,0,0
1694499384326,1006,Non blocking http request,200,OK,Non blocking request threads 1-2,text,true,,256,131,5,6,http://localhost:3000/non-blocking,1006,0,0
1694499384327,1005,Non blocking http request,200,OK,Non blocking request threads 1-3,text,true,,256,131,5,6,http://localhost:3000/non-blocking,1005,0,0
1694499384327,1005,Non blocking http request,200,OK,Non blocking request threads 1-4,text,true,,256,131,5,6,http://localhost:3000/non-blocking,1005,0,0
1694499384327,1005,Non blocking http request,200,OK,Non blocking request threads 1-1,text,true,,256,131,5,6,http://localhost:3000/non-blocking,1005,0,0
1694499385332,1010,Blocking request,200,OK,Blocking request threads 2-1,text,true,,271,127,1,6,http://localhost:3000/blocking,1010,0,0
1694499385332,1010,Non blocking http request,200,OK,Non blocking request threads 1-2,text,true,,256,131,5,6,http://localhost:3000/non-blocking,1010,0,0
1694499385332,1010,Non blocking http request,200,OK,Non blocking request threads 1-3,text,true,,256,131,5,6,http://localhost:3000/non-blocking,1010,0,0
1694499384327,2015,Non blocking http request,200,OK,Non blocking request threads 1-5,text,true,,256,131,5,6,http://localhost:3000/non-blocking,2015,0,0
1694499385332,1010,Non blocking http request,200,OK,Non blocking request threads 1-1,text,true,,256,131,5,6,http://localhost:3000/non-blocking,1010,0,0
1694499386342,1004,Blocking request,200,OK,Blocking request threads 2-1,text,true,,271,127,1,6,http://localhost:3000/blocking,1004,0,0
1694499386342,1004,Non blocking http request,200,OK,Non blocking request threads 1-2,text,true,,256,131,5,6,http://localhost:3000/non-blocking,1004,0,0
1694499386342,1004,Non blocking http request,200,OK,Non blocking request threads 1-3,text,true,,256,131,5,6,http://localhost:3000/non-blocking,1004,0,0
1694499385332,2015,Non blocking http request,200,OK,Non blocking request threads 1-4,text,true,,256,131,5,6,http://localhost:3000/non-blocking,2015,0,0
1694499386342,1005,Non blocking http request,200,OK,Non blocking request threads 1-1,text,true,,256,131,5,6,http://localhost:3000/non-blocking,1005,0,0
1694499387346,1002,Blocking request,200,OK,Blocking request threads 2-1,text,true,,271,127,1,6,http://localhost:3000/blocking,1002,0,0
1694499387346,1002,Non blocking http request,200,OK,Non blocking request threads 1-2,text,true,,256,131,5,6,http://localhost:3000/non-blocking,1002,0,0
1694499387347,1001,Non blocking http request,200,OK,Non blocking request threads 1-3,text,true,,256,131,5,6,http://localhost:3000/non-blocking,1001,0,0
1694499386342,2007,Non blocking http request,200,OK,Non blocking request threads 1-5,text,true,,256,131,5,6,http://localhost:3000/non-blocking,2007,0,0
1694499387347,1002,Non blocking http request,200,OK,Non blocking request threads 1-1,text,true,,256,131,5,6,http://localhost:3000/non-blocking,1002,0,0
1694499388348,1000,Blocking request,200,OK,Blocking request threads 2-1,text,true,,271,127,1,6,http://localhost:3000/blocking,1000,0,0
1694499388348,1000,Non blocking http request,200,OK,Non blocking request threads 1-2,text,true,,256,131,5,6,http://localhost:3000/non-blocking,1000,0,0
1694499388348,1000,Non blocking http request,200,OK,Non blocking request threads 1-3,text,true,,256,131,5,6,http://localhost:3000/non-blocking,1000,0,0
1694499387347,2001,Non blocking http request,200,OK,Non blocking request threads 1-4,text,true,,256,131,5,6,http://localhost:3000/non-blocking,2001,0,0
1694499388349,1000,Non blocking http request,200,OK,Non blocking request threads 1-1,text,true,,256,131,5,6,http://localhost:3000/non-blocking,1000,0,0
1694499389348,1001,Blocking request,200,OK,Blocking request threads 2-1,text,true,,271,127,1,6,http://localhost:3000/blocking,1001,0,0
1694499389348,1001,Non blocking http request,200,OK,Non blocking request threads 1-2,text,true,,256,131,5,6,http://localhost:3000/non-blocking,1001,0,0
1694499389348,1001,Non blocking http request,200,OK,Non blocking request threads 1-3,text,true,,256,131,5,6,http://localhost:3000/non-blocking,1001,0,0
1694499388349,2001,Non blocking http request,200,OK,Non blocking request threads 1-5,text,true,,256,131,5,6,http://localhost:3000/non-blocking,2000,0,0
1694499389349,1001,Non blocking http request,200,OK,Non blocking request threads 1-1,text,true,,256,131,5,6,http://localhost:3000/non-blocking,1001,0,0
1694499390349,1006,Blocking request,200,OK,Blocking request threads 2-1,text,true,,271,127,1,6,http://localhost:3000/blocking,1006,0,0
1694499390349,1006,Non blocking http request,200,OK,Non blocking request threads 1-2,text,true,,256,131,5,6,http://localhost:3000/non-blocking,1006,0,0
1694499390349,1006,Non blocking http request,200,OK,Non blocking request threads 1-3,text,true,,256,131,5,6,http://localhost:3000/non-blocking,1006,0,0
1694499389349,2006,Non blocking http request,200,OK,Non blocking request threads 1-4,text,true,,256,131,5,6,http://localhost:3000/non-blocking,2006,0,0
1694499390350,1005,Non blocking http request,200,OK,Non blocking request threads 1-1,text,true,,256,131,5,6,http://localhost:3000/non-blocking,1005,0,0
1694499391355,1000,Blocking request,200,OK,Blocking request threads 2-1,text,true,,271,127,1,6,http://localhost:3000/blocking,1000,0,0
1694499391355,1000,Non blocking http request,200,OK,Non blocking request threads 1-2,text,true,,256,131,5,6,http://localhost:3000/non-blocking,1000,0,0
1694499391355,1000,Non blocking http request,200,OK,Non blocking request threads 1-3,text,true,,256,131,5,6,http://localhost:3000/non-blocking,1000,0,0
1694499390350,2005,Non blocking http request,200,OK,Non blocking request threads 1-5,text,true,,256,131,5,6,http://localhost:3000/non-blocking,2005,0,0
1694499391355,1000,Non blocking http request,200,OK,Non blocking request threads 1-1,text,true,,256,131,5,6,http://localhost:3000/non-blocking,1000,0,0
1694499392355,999,Blocking request,200,OK,Blocking request threads 2-1,text,true,,271,127,1,6,http://localhost:3000/blocking,999,0,0
1694499392355,999,Non blocking http request,200,OK,Non blocking request threads 1-2,text,true,,256,131,5,6,http://localhost:3000/non-blocking,999,0,0
1694499392355,999,Non blocking http request,200,OK,Non blocking request threads 1-3,text,true,,256,131,5,6,http://localhost:3000/non-blocking,999,0,0
1694499391355,1999,Non blocking http request,200,OK,Non blocking request threads 1-4,text,true,,256,131,5,6,http://localhost:3000/non-blocking,1999,0,0
1694499392356,999,Non blocking http request,200,OK,Non blocking request threads 1-1,text,true,,256,131,5,6,http://localhost:3000/non-blocking,999,0,0
1694499393354,1002,Blocking request,200,OK,Blocking request threads 2-1,text,true,,271,127,1,6,http://localhost:3000/blocking,1002,0,0
1694499393354,1002,Non blocking http request,200,OK,Non blocking request threads 1-2,text,true,,256,131,5,6,http://localhost:3000/non-blocking,1002,0,0
1694499393354,1002,Non blocking http request,200,OK,Non blocking request threads 1-3,text,true,,256,131,5,6,http://localhost:3000/non-blocking,1002,0,0
1694499392355,2002,Non blocking http request,200,OK,Non blocking request threads 1-5,text,true,,256,131,5,6,http://localhost:3000/non-blocking,2002,0,0
1694499393355,1002,Non blocking http request,200,OK,Non blocking request threads 1-1,text,true,,256,131,5,6,http://localhost:3000/non-blocking,1002,0,0
1694499394356,1005,Blocking request,200,OK,Blocking request threads 2-1,text,true,,271,127,1,6,http://localhost:3000/blocking,1005,0,0
1694499394356,1006,Non blocking http request,200,OK,Non blocking request threads 1-2,text,true,,256,131,5,6,http://localhost:3000/non-blocking,1005,0,0
1694499394357,1005,Non blocking http request,200,OK,Non blocking request threads 1-3,text,true,,256,131,5,6,http://localhost:3000/non-blocking,1005,0,0
1694499393354,2008,Non blocking http request,200,OK,Non blocking request threads 1-4,text,true,,256,131,5,6,http://localhost:3000/non-blocking,2008,0,0
1694499394357,1005,Non blocking http request,200,OK,Non blocking request threads 1-1,text,true,,256,131,5,6,http://localhost:3000/non-blocking,1005,0,0
1694499395361,1014,Blocking request,200,OK,Blocking request threads 2-1,text,true,,271,127,1,6,http://localhost:3000/blocking,1014,0,0
1694499395362,1013,Non blocking http request,200,OK,Non blocking request threads 1-2,text,true,,256,131,5,6,http://localhost:3000/non-blocking,1013,0,0
1694499395362,1013,Non blocking http request,200,OK,Non blocking request threads 1-3,text,true,,256,131,5,6,http://localhost:3000/non-blocking,1013,0,0
1694499394357,2019,Non blocking http request,200,OK,Non blocking request threads 1-5,text,true,,256,131,5,6,http://localhost:3000/non-blocking,2019,0,0
1694499395362,1014,Non blocking http request,200,OK,Non blocking request threads 1-1,text,true,,256,131,5,6,http://localhost:3000/non-blocking,1014,0,0
1694499396375,1006,Blocking request,200,OK,Blocking request threads 2-1,text,true,,271,127,1,6,http://localhost:3000/blocking,1006,0,0
1694499396375,1006,Non blocking http request,200,OK,Non blocking request threads 1-2,text,true,,256,131,5,6,http://localhost:3000/non-blocking,1006,0,0
1694499396375,1007,Non blocking http request,200,OK,Non blocking request threads 1-3,text,true,,256,131,5,6,http://localhost:3000/non-blocking,1007,0,0
1694499395362,2020,Non blocking http request,200,OK,Non blocking request threads 1-4,text,true,,256,131,5,6,http://localhost:3000/non-blocking,2020,0,0
1694499396376,1006,Non blocking http request,200,OK,Non blocking request threads 1-1,text,true,,256,131,5,6,http://localhost:3000/non-blocking,1006,0,0
1694499397381,1000,Blocking request,200,OK,Blocking request threads 2-1,text,true,,271,127,1,6,http://localhost:3000/blocking,1000,0,0
1694499397381,1000,Non blocking http request,200,OK,Non blocking request threads 1-2,text,true,,256,131,5,6,http://localhost:3000/non-blocking,1000,0,0
1694499397382,1000,Non blocking http request,200,OK,Non blocking request threads 1-3,text,true,,256,131,5,6,http://localhost:3000/non-blocking,1000,0,0
1694499396376,2006,Non blocking http request,200,OK,Non blocking request threads 1-5,text,true,,256,131,5,6,http://localhost:3000/non-blocking,2006,0,0
1694499397382,1000,Non blocking http request,200,OK,Non blocking request threads 1-1,text,true,,256,131,5,6,http://localhost:3000/non-blocking,1000,0,0
1694499398381,1001,Blocking request,200,OK,Blocking request threads 2-1,text,true,,271,127,1,6,http://localhost:3000/blocking,1001,0,0
1694499398382,1000,Non blocking http request,200,OK,Non blocking request threads 1-2,text,true,,256,131,5,6,http://localhost:3000/non-blocking,1000,0,0
1694499398382,1000,Non blocking http request,200,OK,Non blocking request threads 1-3,text,true,,256,131,5,6,http://localhost:3000/non-blocking,1000,0,0
1694499397382,2000,Non blocking http request,200,OK,Non blocking request threads 1-4,text,true,,256,131,5,6,http://localhost:3000/non-blocking,2000,0,0
1694499398382,1001,Non blocking http request,200,OK,Non blocking request threads 1-1,text,true,,256,131,5,6,http://localhost:3000/non-blocking,1001,0,0
1694499399382,1000,Blocking request,200,OK,Blocking request threads 2-1,text,true,,271,127,1,6,http://localhost:3000/blocking,1000,0,0
1694499399382,1000,Non blocking http request,200,OK,Non blocking request threads 1-2,text,true,,256,131,5,6,http://localhost:3000/non-blocking,1000,0,0
1694499399382,1000,Non blocking http request,200,OK,Non blocking request threads 1-3,text,true,,256,131,5,6,http://localhost:3000/non-blocking,1000,0,0
1694499398382,2000,Non blocking http request,200,OK,Non blocking request threads 1-5,text,true,,256,131,5,6,http://localhost:3000/non-blocking,2000,0,0
1694499399383,1000,Non blocking http request,200,OK,Non blocking request threads 1-1,text,true,,256,131,5,6,http://localhost:3000/non-blocking,1000,0,0
1694499400383,1008,Blocking request,200,OK,Blocking request threads 2-1,text,true,,271,127,1,6,http://localhost:3000/blocking,1008,0,0
1694499400383,1008,Non blocking http request,200,OK,Non blocking request threads 1-2,text,true,,256,131,5,6,http://localhost:3000/non-blocking,1008,0,0
1694499400383,1008,Non blocking http request,200,OK,Non blocking request threads 1-3,text,true,,256,131,5,6,http://localhost:3000/non-blocking,1008,0,0
1694499399382,2008,Non blocking http request,200,OK,Non blocking request threads 1-4,text,true,,256,131,5,6,http://localhost:3000/non-blocking,2008,0,0
1694499400384,1007,Non blocking http request,200,OK,Non blocking request threads 1-1,text,true,,256,131,5,6,http://localhost:3000/non-blocking,1007,0,0
1694499401391,1003,Blocking request,200,OK,Blocking request threads 2-1,text,true,,271,127,1,6,http://localhost:3000/blocking,1003,0,0
1694499401391,1004,Non blocking http request,200,OK,Non blocking request threads 1-2,text,true,,256,131,5,6,http://localhost:3000/non-blocking,1004,0,0
1694499401391,1004,Non blocking http request,200,OK,Non blocking request threads 1-3,text,true,,256,131,5,6,http://localhost:3000/non-blocking,1004,0,0
1694499400383,2012,Non blocking http request,200,OK,Non blocking request threads 1-5,text,true,,256,131,5,6,http://localhost:3000/non-blocking,2012,0,0
1694499401391,1004,Non blocking http request,200,OK,Non blocking request threads 1-1,text,true,,256,131,5,6,http://localhost:3000/non-blocking,1004,0,0
1694499402394,1011,Blocking request,200,OK,Blocking request threads 2-1,text,true,,271,127,1,6,http://localhost:3000/blocking,1011,0,0
1694499402395,1010,Non blocking http request,200,OK,Non blocking request threads 1-2,text,true,,256,131,5,6,http://localhost:3000/non-blocking,1010,0,0
1694499402395,1010,Non blocking http request,200,OK,Non blocking request threads 1-3,text,true,,256,131,5,6,http://localhost:3000/non-blocking,1010,0,0
1694499401391,2014,Non blocking http request,200,OK,Non blocking request threads 1-4,text,true,,256,131,5,6,http://localhost:3000/non-blocking,2014,0,0
1694499402396,1010,Non blocking http request,200,OK,Non blocking request threads 1-1,text,true,,256,131,5,6,http://localhost:3000/non-blocking,1010,0,0
1694499403405,1012,Blocking request,200,OK,Blocking request threads 2-1,text,true,,271,127,1,6,http://localhost:3000/blocking,1012,0,0
1694499403405,1012,Non blocking http request,200,OK,Non blocking request threads 1-2,text,true,,256,131,5,6,http://localhost:3000/non-blocking,1012,0,0
1694499403405,1012,Non blocking http request,200,OK,Non blocking request threads 1-3,text,true,,256,131,5,6,http://localhost:3000/non-blocking,1012,0,0
1694499402395,2022,Non blocking http request,200,OK,Non blocking request threads 1-5,text,true,,256,131,5,6,http://localhost:3000/non-blocking,2022,0,0
1694499403406,1012,Non blocking http request,200,OK,Non blocking request threads 1-1,text,true,,256,131,5,6,http://localhost:3000/non-blocking,1012,0,0
1694499404417,1016,Blocking request,200,OK,Blocking request threads 2-1,text,true,,271,127,1,6,http://localhost:3000/blocking,1016,0,0
1694499404417,1017,Non blocking http request,200,OK,Non blocking request threads 1-2,text,true,,256,131,5,6,http://localhost:3000/non-blocking,1017,0,0
1694499404417,1017,Non blocking http request,200,OK,Non blocking request threads 1-3,text,true,,256,131,5,6,http://localhost:3000/non-blocking,1017,0,0
1694499403405,2029,Non blocking http request,200,OK,Non blocking request threads 1-4,text,true,,256,131,5,6,http://localhost:3000/non-blocking,2029,0,0
1694499404418,1016,Non blocking http request,200,OK,Non blocking request threads 1-1,text,true,,256,131,5,6,http://localhost:3000/non-blocking,1016,0,0
1694499405432,1012,Blocking request,200,OK,Blocking request threads 2-1,text,true,,271,127,1,6,http://localhost:3000/blocking,1012,0,0
1694499405433,1011,Non blocking http request,200,OK,Non blocking request threads 1-2,text,true,,256,131,5,6,http://localhost:3000/non-blocking,1011,0,0
1694499405433,1012,Non blocking http request,200,OK,Non blocking request threads 1-3,text,true,,256,131,5,6,http://localhost:3000/non-blocking,1012,0,0
1694499404417,2029,Non blocking http request,200,OK,Non blocking request threads 1-5,text,true,,256,131,5,6,http://localhost:3000/non-blocking,2029,0,0
1694499405433,1012,Non blocking http request,200,OK,Non blocking request threads 1-1,text,true,,256,131,5,6,http://localhost:3000/non-blocking,1012,0,0
1694499406444,1006,Blocking request,200,OK,Blocking request threads 2-1,text,true,,271,127,1,6,http://localhost:3000/blocking,1006,0,0
1694499406445,1005,Non blocking http request,200,OK,Non blocking request threads 1-2,text,true,,256,131,5,6,http://localhost:3000/non-blocking,1005,0,0
1694499406445,1005,Non blocking http request,200,OK,Non blocking request threads 1-3,text,true,,256,131,5,6,http://localhost:3000/non-blocking,1005,0,0
1694499405433,2018,Non blocking http request,200,OK,Non blocking request threads 1-4,text,true,,256,131,5,6,http://localhost:3000/non-blocking,2018,0,0
1694499406445,1006,Non blocking http request,200,OK,Non blocking request threads 1-1,text,true,,256,131,5,6,http://localhost:3000/non-blocking,1006,0,0
1694499407450,1001,Blocking request,200,OK,Blocking request threads 2-1,text,true,,271,127,1,6,http://localhost:3000/blocking,1001,0,0
1694499407450,1001,Non blocking http request,200,OK,Non blocking request threads 1-2,text,true,,256,131,5,6,http://localhost:3000/non-blocking,1001,0,0
1694499407450,1001,Non blocking http request,200,OK,Non blocking request threads 1-3,text,true,,256,131,5,6,http://localhost:3000/non-blocking,1001,0,0
1694499406445,2006,Non blocking http request,200,OK,Non blocking request threads 1-5,text,true,,256,131,5,6,http://localhost:3000/non-blocking,2006,0,0
1694499407451,1000,Non blocking http request,200,OK,Non blocking request threads 1-1,text,true,,256,131,5,6,http://localhost:3000/non-blocking,1000,0,0
1694499408451,999,Blocking request,200,OK,Blocking request threads 2-1,text,true,,271,127,1,6,http://localhost:3000/blocking,999,0,0
1694499408451,1000,Non blocking http request,200,OK,Non blocking request threads 1-2,text,true,,256,131,5,6,http://localhost:3000/non-blocking,1000,0,0
1694499408451,1000,Non blocking http request,200,OK,Non blocking request threads 1-3,text,true,,256,131,5,6,http://localhost:3000/non-blocking,1000,0,0
1694499407451,2000,Non blocking http request,200,OK,Non blocking request threads 1-4,text,true,,256,131,5,6,http://localhost:3000/non-blocking,2000,0,0
1694499408452,999,Non blocking http request,200,OK,Non blocking request threads 1-1,text,true,,256,131,5,6,http://localhost:3000/non-blocking,999,0,0
1694499409451,999,Blocking request,200,OK,Blocking request threads 2-1,text,true,,271,127,1,6,http://localhost:3000/blocking,999,0,0
1694499409451,999,Non blocking http request,200,OK,Non blocking request threads 1-2,text,true,,256,131,5,6,http://localhost:3000/non-blocking,999,0,0
1694499409451,1000,Non blocking http request,200,OK,Non blocking request threads 1-3,text,true,,256,131,5,6,http://localhost:3000/non-blocking,1000,0,0
1694499408451,2000,Non blocking http request,200,OK,Non blocking request threads 1-5,text,true,,256,131,5,6,http://localhost:3000/non-blocking,2000,0,0
1694499409451,1000,Non blocking http request,200,OK,Non blocking request threads 1-1,text,true,,256,131,5,6,http://localhost:3000/non-blocking,1000,0,0
1694499410450,1009,Blocking request,200,OK,Blocking request threads 2-1,text,true,,271,127,1,6,http://localhost:3000/blocking,1009,0,0
1694499410450,1009,Non blocking http request,200,OK,Non blocking request threads 1-2,text,true,,256,131,5,6,http://localhost:3000/non-blocking,1009,0,0
1694499410451,1008,Non blocking http request,200,OK,Non blocking request threads 1-3,text,true,,256,131,5,6,http://localhost:3000/non-blocking,1008,0,0
1694499409451,2008,Non blocking http request,200,OK,Non blocking request threads 1-4,text,true,,256,131,5,6,http://localhost:3000/non-blocking,2008,0,0
1694499410451,1008,Non blocking http request,200,OK,Non blocking request threads 1-1,text,true,,256,131,5,6,http://localhost:3000/non-blocking,1008,0,0
1694499411459,1001,Blocking request,200,OK,Blocking request threads 2-1,text,true,,271,127,1,6,http://localhost:3000/blocking,1001,0,0
1694499411459,1001,Non blocking http request,200,OK,Non blocking request threads 1-2,text,true,,256,131,5,6,http://localhost:3000/non-blocking,1001,0,0
1694499411459,1001,Non blocking http request,200,OK,Non blocking request threads 1-3,text,true,,256,131,5,6,http://localhost:3000/non-blocking,1001,0,0
1694499410451,2009,Non blocking http request,200,OK,Non blocking request threads 1-5,text,true,,256,131,5,6,http://localhost:3000/non-blocking,2009,0,0
1694499411460,1000,Non blocking http request,200,OK,Non blocking request threads 1-1,text,true,,256,131,5,6,http://localhost:3000/non-blocking,1000,0,0
1694499412460,1000,Blocking request,200,OK,Blocking request threads 2-1,text,true,,271,127,1,6,http://localhost:3000/blocking,1000,0,0
1694499412460,1000,Non blocking http request,200,OK,Non blocking request threads 1-2,text,true,,256,131,5,6,http://localhost:3000/non-blocking,1000,0,0
1694499412460,1000,Non blocking http request,200,OK,Non blocking request threads 1-3,text,true,,256,131,5,6,http://localhost:3000/non-blocking,1000,0,0
1694499411459,2001,Non blocking http request,200,OK,Non blocking request threads 1-4,text,true,,256,131,5,6,http://localhost:3000/non-blocking,2001,0,0
1694499412461,1000,Non blocking http request,200,OK,Non blocking request threads 1-1,text,true,,256,131,5,6,http://localhost:3000/non-blocking,1000,0,0
1694499413460,1004,Blocking request,200,OK,Blocking request threads 2-1,text,true,,271,127,1,6,http://localhost:3000/blocking,1004,0,0
1694499413460,1004,Non blocking http request,200,OK,Non blocking request threads 1-2,text,true,,256,131,5,6,http://localhost:3000/non-blocking,1004,0,0
1694499413460,1004,Non blocking http request,200,OK,Non blocking request threads 1-3,text,true,,256,131,5,6,http://localhost:3000/non-blocking,1004,0,0
1694499412460,2004,Non blocking http request,200,OK,Non blocking request threads 1-5,text,true,,256,131,5,6,http://localhost:3000/non-blocking,2004,0,0
1694499413461,1003,Non blocking http request,200,OK,Non blocking request threads 1-1,text,true,,256,131,5,6,http://localhost:3000/non-blocking,1003,0,0
1694499414464,1001,Blocking request,200,OK,Blocking request threads 2-1,text,true,,271,127,1,6,http://localhost:3000/blocking,1001,0,0
1694499414464,1001,Non blocking http request,200,OK,Non blocking request threads 1-2,text,true,,256,131,5,6,http://localhost:3000/non-blocking,1001,0,0
1694499414464,1001,Non blocking http request,200,OK,Non blocking request threads 1-3,text,true,,256,131,5,6,http://localhost:3000/non-blocking,1001,0,0
1694499413460,2006,Non blocking http request,200,OK,Non blocking request threads 1-4,text,true,,256,131,5,6,http://localhost:3000/non-blocking,2006,0,0
1694499414464,1002,Non blocking http request,200,OK,Non blocking request threads 1-1,text,true,,256,131,5,6,http://localhost:3000/non-blocking,1002,0,0
1694499415465,1009,Blocking request,200,OK,Blocking request threads 2-1,text,true,,271,127,1,6,http://localhost:3000/blocking,1009,0,0
1694499415465,1009,Non blocking http request,200,OK,Non blocking request threads 1-2,text,true,,256,131,5,6,http://localhost:3000/non-blocking,1009,0,0
1694499415466,1008,Non blocking http request,200,OK,Non blocking request threads 1-3,text,true,,256,131,5,6,http://localhost:3000/non-blocking,1008,0,0
1694499414464,2010,Non blocking http request,200,OK,Non blocking request threads 1-5,text,true,,256,131,5,6,http://localhost:3000/non-blocking,2010,0,0
1694499415466,1009,Non blocking http request,200,OK,Non blocking request threads 1-1,text,true,,256,131,5,6,http://localhost:3000/non-blocking,1009,0,0
1694499416474,1004,Blocking request,200,OK,Blocking request threads 2-1,text,true,,271,127,1,6,http://localhost:3000/blocking,1004,0,0
1694499416474,1004,Non blocking http request,200,OK,Non blocking request threads 1-2,text,true,,256,131,5,6,http://localhost:3000/non-blocking,1004,0,0
1694499415466,2012,Non blocking http request,200,OK,Non blocking request threads 1-4,text,true,,256,131,5,6,http://localhost:3000/non-blocking,2012,0,0
1694499416475,1004,Non blocking http request,200,OK,Non blocking request threads 1-1,text,true,,256,131,5,6,http://localhost:3000/non-blocking,1004,0,0
1694499417478,1016,Blocking request,200,OK,Blocking request threads 2-1,text,true,,271,127,1,6,http://localhost:3000/blocking,1016,0,0
1694499417478,1016,Non blocking http request,200,OK,Non blocking request threads 1-2,text,true,,256,131,5,6,http://localhost:3000/non-blocking,1016,0,0
1694499416474,2020,Non blocking http request,200,OK,Non blocking request threads 1-3,text,true,,256,131,5,6,http://localhost:3000/non-blocking,2020,0,0
1694499416475,2020,Non blocking http request,200,OK,Non blocking request threads 1-5,text,true,,256,131,5,6,http://localhost:3000/non-blocking,2020,0,0
1694499417479,1016,Non blocking http request,200,OK,Non blocking request threads 1-1,text,true,,256,131,5,6,http://localhost:3000/non-blocking,1016,0,0
1694499418494,1003,Blocking request,200,OK,Blocking request threads 2-1,text,true,,271,127,1,6,http://localhost:3000/blocking,1003,0,0
1694499418494,1004,Non blocking http request,200,OK,Non blocking request threads 1-2,text,true,,256,131,5,6,http://localhost:3000/non-blocking,1004,0,0
1694499418494,1004,Non blocking http request,200,OK,Non blocking request threads 1-3,text,true,,256,131,5,6,http://localhost:3000/non-blocking,1004,0,0
1694499417478,2020,Non blocking http request,200,OK,Non blocking request threads 1-4,text,true,,256,131,5,6,http://localhost:3000/non-blocking,2020,0,0
1694499418495,1003,Non blocking http request,200,OK,Non blocking request threads 1-1,text,true,,256,131,5,6,http://localhost:3000/non-blocking,1003,0,0
1694499419498,998,Blocking request,200,OK,Blocking request threads 2-1,text,true,,271,127,1,6,http://localhost:3000/blocking,998,0,0
1694499419498,998,Non blocking http request,200,OK,Non blocking request threads 1-2,text,true,,256,131,5,6,http://localhost:3000/non-blocking,998,0,0
1694499419498,999,Non blocking http request,200,OK,Non blocking request threads 1-3,text,true,,256,131,5,6,http://localhost:3000/non-blocking,999,0,0
1694499418495,2002,Non blocking http request,200,OK,Non blocking request threads 1-5,text,true,,256,131,5,6,http://localhost:3000/non-blocking,2002,0,0
1694499419498,999,Non blocking http request,200,OK,Non blocking request threads 1-1,text,true,,256,131,5,6,http://localhost:3000/non-blocking,999,0,0
1694499420496,1010,Blocking request,200,OK,Blocking request threads 2-1,text,true,,271,127,1,6,http://localhost:3000/blocking,1010,0,0
1694499420496,1011,Non blocking http request,200,OK,Non blocking request threads 1-2,text,true,,256,131,5,6,http://localhost:3000/non-blocking,1011,0,0
1694499420497,1010,Non blocking http request,200,OK,Non blocking request threads 1-3,text,true,,256,131,5,6,http://localhost:3000/non-blocking,1010,0,0
1694499419498,2009,Non blocking http request,200,OK,Non blocking request threads 1-4,text,true,,256,131,5,6,http://localhost:3000/non-blocking,2009,0,0
1694499420497,1010,Non blocking http request,200,OK,Non blocking request threads 1-1,text,true,,256,131,5,6,http://localhost:3000/non-blocking,1010,0,0
1694499421507,1000,Blocking request,200,OK,Blocking request threads 2-1,text,true,,271,127,1,6,http://localhost:3000/blocking,1000,0,0
1694499421507,1000,Non blocking http request,200,OK,Non blocking request threads 1-2,text,true,,256,131,5,6,http://localhost:3000/non-blocking,1000,0,0
1694499421507,1000,Non blocking http request,200,OK,Non blocking request threads 1-3,text,true,,256,131,5,6,http://localhost:3000/non-blocking,1000,0,0
1694499420497,2011,Non blocking http request,200,OK,Non blocking request threads 1-5,text,true,,256,131,5,6,http://localhost:3000/non-blocking,2011,0,0
1694499421507,1001,Non blocking http request,200,OK,Non blocking request threads 1-1,text,true,,256,131,5,6,http://localhost:3000/non-blocking,1001,0,0
1694499422507,1000,Blocking request,200,OK,Blocking request threads 2-1,text,true,,271,127,1,6,http://localhost:3000/blocking,1000,0,0
1694499422507,1000,Non blocking http request,200,OK,Non blocking request threads 1-2,text,true,,256,131,5,6,http://localhost:3000/non-blocking,1000,0,0
1694499422507,1000,Non blocking http request,200,OK,Non blocking request threads 1-3,text,true,,256,131,5,6,http://localhost:3000/non-blocking,1000,0,0
1694499421507,2001,Non blocking http request,200,OK,Non blocking request threads 1-4,text,true,,256,131,5,6,http://localhost:3000/non-blocking,2001,0,0
1694499422508,1000,Non blocking http request,200,OK,Non blocking request threads 1-1,text,true,,256,131,5,6,http://localhost:3000/non-blocking,1000,0,0
1694499423507,1014,Blocking request,200,OK,Blocking request threads 2-1,text,true,,271,127,1,6,http://localhost:3000/blocking,1014,0,0
1694499423507,1015,Non blocking http request,200,OK,Non blocking request threads 1-2,text,true,,256,131,5,6,http://localhost:3000/non-blocking,1015,0,0
1694499423507,1015,Non blocking http request,200,OK,Non blocking request threads 1-3,text,true,,256,131,5,6,http://localhost:3000/non-blocking,1015,0,0
1694499422508,2014,Non blocking http request,200,OK,Non blocking request threads 1-5,text,true,,256,131,5,6,http://localhost:3000/non-blocking,2014,0,0
1694499423508,1014,Non blocking http request,200,OK,Non blocking request threads 1-1,text,true,,256,131,5,6,http://localhost:3000/non-blocking,1014,0,0
1694499424521,1001,Blocking request,200,OK,Blocking request threads 2-1,text,true,,271,127,1,6,http://localhost:3000/blocking,1001,0,0
1694499424522,1000,Non blocking http request,200,OK,Non blocking request threads 1-2,text,true,,256,131,5,6,http://localhost:3000/non-blocking,1000,0,0
1694499424522,1001,Non blocking http request,200,OK,Non blocking request threads 1-3,text,true,,256,131,5,6,http://localhost:3000/non-blocking,1001,0,0
1694499423508,2015,Non blocking http request,200,OK,Non blocking request threads 1-4,text,true,,256,131,5,6,http://localhost:3000/non-blocking,2015,0,0
1694499424522,1001,Non blocking http request,200,OK,Non blocking request threads 1-1,text,true,,256,131,5,6,http://localhost:3000/non-blocking,1001,0,0
1694499425522,1013,Blocking request,200,OK,Blocking request threads 2-1,text,true,,271,127,1,6,http://localhost:3000/blocking,1013,0,0
1694499425522,1013,Non blocking http request,200,OK,Non blocking request threads 1-2,text,true,,256,131,5,6,http://localhost:3000/non-blocking,1013,0,0
1694499425523,1012,Non blocking http request,200,OK,Non blocking request threads 1-3,text,true,,256,131,5,6,http://localhost:3000/non-blocking,1012,0,0
1694499424522,2014,Non blocking http request,200,OK,Non blocking request threads 1-5,text,true,,256,131,5,6,http://localhost:3000/non-blocking,2014,0,0
1694499425523,1013,Non blocking http request,200,OK,Non blocking request threads 1-1,text,true,,256,131,5,6,http://localhost:3000/non-blocking,1013,0,0
1694499426535,1003,Blocking request,200,OK,Blocking request threads 2-1,text,true,,271,127,1,6,http://localhost:3000/blocking,1003,0,0
1694499426535,1004,Non blocking http request,200,OK,Non blocking request threads 1-2,text,true,,256,131,5,6,http://localhost:3000/non-blocking,1004,0,0
1694499426535,1004,Non blocking http request,200,OK,Non blocking request threads 1-3,text,true,,256,131,5,6,http://localhost:3000/non-blocking,1004,0,0
1694499425523,2016,Non blocking http request,200,OK,Non blocking request threads 1-4,text,true,,256,131,5,6,http://localhost:3000/non-blocking,2016,0,0
1694499426536,1003,Non blocking http request,200,OK,Non blocking request threads 1-1,text,true,,256,131,5,6,http://localhost:3000/non-blocking,1003,0,0
1694499427538,1001,Blocking request,200,OK,Blocking request threads 2-1,text,true,,271,127,1,6,http://localhost:3000/blocking,1001,0,0
1694499427539,1000,Non blocking http request,200,OK,Non blocking request threads 1-2,text,true,,256,131,5,6,http://localhost:3000/non-blocking,1000,0,0
1694499427539,1000,Non blocking http request,200,OK,Non blocking request threads 1-3,text,true,,256,131,5,6,http://localhost:3000/non-blocking,1000,0,0
1694499426536,2003,Non blocking http request,200,OK,Non blocking request threads 1-5,text,true,,256,131,5,6,http://localhost:3000/non-blocking,2003,0,0
1694499427539,1001,Non blocking http request,200,OK,Non blocking request threads 1-1,text,true,,256,131,5,6,http://localhost:3000/non-blocking,1001,0,0
1694499428539,1003,Blocking request,200,OK,Blocking request threads 2-1,text,true,,271,127,1,6,http://localhost:3000/blocking,1003,0,0
1694499428539,1003,Non blocking http request,200,OK,Non blocking request threads 1-2,text,true,,256,131,5,6,http://localhost:3000/non-blocking,1003,0,0
1694499428539,1003,Non blocking http request,200,OK,Non blocking request threads 1-3,text,true,,256,131,5,6,http://localhost:3000/non-blocking,1003,0,0
1694499427539,2003,Non blocking http request,200,OK,Non blocking request threads 1-4,text,true,,256,131,5,6,http://localhost:3000/non-blocking,2003,0,0
1694499428540,1003,Non blocking http request,200,OK,Non blocking request threads 1-1,text,true,,256,131,5,6,http://localhost:3000/non-blocking,1003,0,0
1694499429542,1025,Blocking request,200,OK,Blocking request threads 2-1,text,true,,271,127,1,6,http://localhost:3000/blocking,1025,0,0
1694499429542,1025,Non blocking http request,200,OK,Non blocking request threads 1-2,text,true,,256,131,5,6,http://localhost:3000/non-blocking,1025,0,0
1694499429542,1025,Non blocking http request,200,OK,Non blocking request threads 1-3,text,true,,256,131,5,6,http://localhost:3000/non-blocking,1025,0,0
1694499428539,2028,Non blocking http request,200,OK,Non blocking request threads 1-5,text,true,,256,131,5,6,http://localhost:3000/non-blocking,2028,0,0
1694499429543,1025,Non blocking http request,200,OK,Non blocking request threads 1-1,text,true,,256,131,5,6,http://localhost:3000/non-blocking,1025,0,0
1694499430567,1038,Blocking request,200,OK,Blocking request threads 2-1,text,true,,271,127,1,6,http://localhost:3000/blocking,1038,0,0
1694499430567,1038,Non blocking http request,200,OK,Non blocking request threads 1-2,text,true,,256,131,5,6,http://localhost:3000/non-blocking,1038,0,0
1694499430567,1038,Non blocking http request,200,OK,Non blocking request threads 1-3,text,true,,256,131,5,6,http://localhost:3000/non-blocking,1038,0,0
1694499429543,2062,Non blocking http request,200,OK,Non blocking request threads 1-4,text,true,,256,131,5,6,http://localhost:3000/non-blocking,2062,0,0
1694499430568,1038,Non blocking http request,200,OK,Non blocking request threads 1-1,text,true,,256,131,5,6,http://localhost:3000/non-blocking,1038,0,0
1694499431605,1006,Blocking request,200,OK,Blocking request threads 2-1,text,true,,271,127,1,6,http://localhost:3000/blocking,1006,0,0
1694499431605,1006,Non blocking http request,200,OK,Non blocking request threads 1-2,text,true,,256,131,5,6,http://localhost:3000/non-blocking,1006,0,0
1694499431605,1006,Non blocking http request,200,OK,Non blocking request threads 1-3,text,true,,256,131,5,6,http://localhost:3000/non-blocking,1006,0,0
1694499430568,2043,Non blocking http request,200,OK,Non blocking request threads 1-5,text,true,,256,131,5,6,http://localhost:3000/non-blocking,2043,0,0
1694499431606,1006,Non blocking http request,200,OK,Non blocking request threads 1-1,text,true,,256,131,5,6,http://localhost:3000/non-blocking,1006,0,0
1694499432611,1019,Blocking request,200,OK,Blocking request threads 2-1,text,true,,271,127,1,6,http://localhost:3000/blocking,1019,0,0
1694499432611,1019,Non blocking http request,200,OK,Non blocking request threads 1-2,text,true,,256,131,5,6,http://localhost:3000/non-blocking,1019,0,0
1694499432611,1019,Non blocking http request,200,OK,Non blocking request threads 1-3,text,true,,256,131,5,6,http://localhost:3000/non-blocking,1019,0,0
1694499431605,2025,Non blocking http request,200,OK,Non blocking request threads 1-4,text,true,,256,131,5,6,http://localhost:3000/non-blocking,2025,0,0
1694499432612,1019,Non blocking http request,200,OK,Non blocking request threads 1-1,text,true,,256,131,5,6,http://localhost:3000/non-blocking,1019,0,0
1694499433630,1043,Blocking request,200,OK,Blocking request threads 2-1,text,true,,271,127,1,6,http://localhost:3000/blocking,1043,0,0
1694499433630,1044,Non blocking http request,200,OK,Non blocking request threads 1-2,text,true,,256,131,5,6,http://localhost:3000/non-blocking,1044,0,0
1694499433630,1044,Non blocking http request,200,OK,Non blocking request threads 1-3,text,true,,256,131,5,6,http://localhost:3000/non-blocking,1044,0,0
1694499432611,2063,Non blocking http request,200,OK,Non blocking request threads 1-5,text,true,,256,131,5,6,http://localhost:3000/non-blocking,2063,0,0
1694499433631,1043,Non blocking http request,200,OK,Non blocking request threads 1-1,text,true,,256,131,5,6,http://localhost:3000/non-blocking,1043,0,0
1694499434674,1032,Blocking request,200,OK,Blocking request threads 2-1,text,true,,271,127,1,6,http://localhost:3000/blocking,1032,0,0
1694499434674,1032,Non blocking http request,200,OK,Non blocking request threads 1-2,text,true,,256,131,5,6,http://localhost:3000/non-blocking,1032,0,0
1694499434674,1032,Non blocking http request,200,OK,Non blocking request threads 1-3,text,true,,256,131,5,6,http://localhost:3000/non-blocking,1032,0,0
1694499433630,2077,Non blocking http request,200,OK,Non blocking request threads 1-4,text,true,,256,131,5,6,http://localhost:3000/non-blocking,2077,0,0
1694499434674,1033,Non blocking http request,200,OK,Non blocking request threads 1-1,text,true,,256,131,5,6,http://localhost:3000/non-blocking,1033,0,0
1694499435706,1018,Blocking request,200,OK,Blocking request threads 2-1,text,true,,271,127,1,6,http://localhost:3000/blocking,1018,0,0
1694499435706,1018,Non blocking http request,200,OK,Non blocking request threads 1-2,text,true,,256,131,5,6,http://localhost:3000/non-blocking,1018,0,0
1694499435707,1017,Non blocking http request,200,OK,Non blocking request threads 1-3,text,true,,256,131,5,6,http://localhost:3000/non-blocking,1017,0,0
1694499434674,2050,Non blocking http request,200,OK,Non blocking request threads 1-5,text,true,,256,131,5,6,http://localhost:3000/non-blocking,2050,0,0
1694499435708,1016,Non blocking http request,200,OK,Non blocking request threads 1-1,text,true,,256,131,5,6,http://localhost:3000/non-blocking,1016,0,0
1694499436724,1003,Blocking request,200,OK,Blocking request threads 2-1,text,true,,271,127,1,6,http://localhost:3000/blocking,1003,0,0
1694499436724,1003,Non blocking http request,200,OK,Non blocking request threads 1-2,text,true,,256,131,5,6,http://localhost:3000/non-blocking,1003,0,0
1694499436724,1003,Non blocking http request,200,OK,Non blocking request threads 1-3,text,true,,256,131,5,6,http://localhost:3000/non-blocking,1003,0,0
1694499435707,2021,Non blocking http request,200,OK,Non blocking request threads 1-4,text,true,,256,131,5,6,http://localhost:3000/non-blocking,2021,0,0
1694499436724,1004,Non blocking http request,200,OK,Non blocking request threads 1-1,text,true,,256,131,5,6,http://localhost:3000/non-blocking,1004,0,0
1694499437727,1002,Blocking request,200,OK,Blocking request threads 2-1,text,true,,271,127,1,6,http://localhost:3000/blocking,1002,0,0
1694499437727,1002,Non blocking http request,200,OK,Non blocking request threads 1-2,text,true,,256,131,5,6,http://localhost:3000/non-blocking,1002,0,0
1694499437727,1003,Non blocking http request,200,OK,Non blocking request threads 1-3,text,true,,256,131,5,6,http://localhost:3000/non-blocking,1003,0,0
1694499436724,2006,Non blocking http request,200,OK,Non blocking request threads 1-5,text,true,,256,131,5,6,http://localhost:3000/non-blocking,2006,0,0
1694499437728,1002,Non blocking http request,200,OK,Non blocking request threads 1-1,text,true,,256,131,5,6,http://localhost:3000/non-blocking,1002,0,0
1694499438729,1003,Blocking request,200,OK,Blocking request threads 2-1,text,true,,271,127,1,6,http://localhost:3000/blocking,1003,0,0
1694499438729,1003,Non blocking http request,200,OK,Non blocking request threads 1-2,text,true,,256,131,5,6,http://localhost:3000/non-blocking,1003,0,0
1694499438730,1002,Non blocking http request,200,OK,Non blocking request threads 1-3,text,true,,256,131,5,6,http://localhost:3000/non-blocking,1002,0,0
1694499437728,2005,Non blocking http request,200,OK,Non blocking request threads 1-4,text,true,,256,131,5,6,http://localhost:3000/non-blocking,2005,0,0
1694499438730,1003,Non blocking http request,200,OK,Non blocking request threads 1-1,text,true,,256,131,5,6,http://localhost:3000/non-blocking,1003,0,0
1694499439732,1006,Blocking request,200,OK,Blocking request threads 2-1,text,true,,271,127,1,6,http://localhost:3000/blocking,1006,0,0
1694499439732,1006,Non blocking http request,200,OK,Non blocking request threads 1-2,text,true,,256,131,5,6,http://localhost:3000/non-blocking,1006,0,0
1694499439733,1005,Non blocking http request,200,OK,Non blocking request threads 1-3,text,true,,256,131,5,6,http://localhost:3000/non-blocking,1005,0,0
1694499438730,2008,Non blocking http request,200,OK,Non blocking request threads 1-5,text,true,,256,131,5,6,http://localhost:3000/non-blocking,2008,0,0
1694499439733,1006,Non blocking http request,200,OK,Non blocking request threads 1-1,text,true,,256,131,5,6,http://localhost:3000/non-blocking,1006,0,0
1694499440738,1031,Blocking request,200,OK,Blocking request threads 2-1,text,true,,271,127,1,6,http://localhost:3000/blocking,1031,0,0
1694499440738,1031,Non blocking http request,200,OK,Non blocking request threads 1-2,text,true,,256,131,5,6,http://localhost:3000/non-blocking,1031,0,0
1694499440738,1032,Non blocking http request,200,OK,Non blocking request threads 1-3,text,true,,256,131,5,6,http://localhost:3000/non-blocking,1032,0,0
1694499439733,2037,Non blocking http request,200,OK,Non blocking request threads 1-4,text,true,,256,131,5,6,http://localhost:3000/non-blocking,2037,0,0
1694499440739,1031,Non blocking http request,200,OK,Non blocking request threads 1-1,text,true,,256,131,5,6,http://localhost:3000/non-blocking,1031,0,0
1694499441769,1008,Blocking request,200,OK,Blocking request threads 2-1,text,true,,271,127,1,6,http://localhost:3000/blocking,1008,0,0
1694499441769,1008,Non blocking http request,200,OK,Non blocking request threads 1-2,text,true,,256,131,5,6,http://localhost:3000/non-blocking,1008,0,0
1694499441770,1008,Non blocking http request,200,OK,Non blocking request threads 1-3,text,true,,256,131,5,6,http://localhost:3000/non-blocking,1008,0,0
1694499440739,2039,Non blocking http request,200,OK,Non blocking request threads 1-5,text,true,,256,131,5,6,http://localhost:3000/non-blocking,2039,0,0
1694499441770,1008,Non blocking http request,200,OK,Non blocking request threads 1-1,text,true,,256,131,5,6,http://localhost:3000/non-blocking,1008,0,0
1694499441770,1008,Non blocking http request,200,OK,Non blocking request threads 1-4,text,true,,256,131,5,6,http://localhost:3000/non-blocking,1008,0,0
1694499442778,1,Non blocking http request,200,OK,Non blocking request threads 1-4,text,true,,256,131,5,6,http://localhost:3000/non-blocking,1,0,0
1694499442778,1,Non blocking http request,200,OK,Non blocking request threads 1-5,text,true,,256,131,5,6,http://localhost:3000/non-blocking,1,0,0
1694499442777,1017,Blocking request,200,OK,Blocking request threads 2-1,text,true,,271,127,1,6,http://localhost:3000/blocking,1017,0,1
1694499442778,1016,Non blocking http request,200,OK,Non blocking request threads 1-3,text,true,,256,131,5,6,http://localhost:3000/non-blocking,1016,0,0
1694499442778,1016,Non blocking http request,200,OK,Non blocking request threads 1-2,text,true,,256,131,5,6,http://localhost:3000/non-blocking,1016,0,0
1694499442778,1016,Non blocking http request,200,OK,Non blocking request threads 1-1,text,true,,256,131,5,6,http://localhost:3000/non-blocking,1016,0,0
1694499442779,1016,Non blocking http request,200,OK,Non blocking request threads 1-4,text,true,,256,131,5,6,http://localhost:3000/non-blocking,1016,0,0
1694499442779,1016,Non blocking http request,200,OK,Non blocking request threads 1-5,text,true,,256,131,5,6,http://localhost:3000/non-blocking,1016,0,0
1694499443794,1012,Blocking request,200,OK,Blocking request threads 2-1,text,true,,271,127,1,6,http://localhost:3000/blocking,1012,0,0
1694499443794,1012,Non blocking http request,200,OK,Non blocking request threads 1-3,text,true,,256,131,5,6,http://localhost:3000/non-blocking,1012,0,0
1694499443794,1012,Non blocking http request,200,OK,Non blocking request threads 1-2,text,true,,256,131,5,6,http://localhost:3000/non-blocking,1012,0,0
1694499444806,1011,Blocking request,200,OK,Blocking request threads 2-1,text,true,,271,127,1,6,http://localhost:3000/blocking,1011,0,0
1694499444806,1012,Non blocking http request,200,OK,Non blocking request threads 1-3,text,true,,256,131,5,6,http://localhost:3000/non-blocking,1012,0,0
1694499443795,2023,Non blocking http request,200,OK,Non blocking request threads 1-1,text,true,,256,131,5,6,http://localhost:3000/non-blocking,2023,0,0
1694499445818,1010,Blocking request,200,OK,Blocking request threads 2-1,text,true,,271,127,1,6,http://localhost:3000/blocking,1010,0,0
1694499445818,1010,Non blocking http request,200,OK,Non blocking request threads 1-3,text,true,,256,131,5,6,http://localhost:3000/non-blocking,1010,0,0
1694499445818,1011,Non blocking http request,200,OK,Non blocking request threads 1-1,text,true,,256,131,5,6,http://localhost:3000/non-blocking,1011,0,0
1694499444806,2023,Non blocking http request,200,OK,Non blocking request threads 1-2,text,true,,256,131,5,6,http://localhost:3000/non-blocking,2023,0,0
1694499443795,3034,Non blocking http request,200,OK,Non blocking request threads 1-4,text,true,,256,131,5,6,http://localhost:3000/non-blocking,3034,0,0
1694499443795,3034,Non blocking http request,200,OK,Non blocking request threads 1-5,text,true,,256,131,5,6,http://localhost:3000/non-blocking,3034,0,0
1694499446828,1004,Blocking request,200,OK,Blocking request threads 2-1,text,true,,271,127,1,6,http://localhost:3000/blocking,1004,0,0
1694499446829,1003,Non blocking http request,200,OK,Non blocking request threads 1-3,text,true,,256,131,5,6,http://localhost:3000/non-blocking,1003,0,0
1694499446829,1003,Non blocking http request,200,OK,Non blocking request threads 1-1,text,true,,256,131,5,6,http://localhost:3000/non-blocking,1003,0,0
1694499446829,1003,Non blocking http request,200,OK,Non blocking request threads 1-2,text,true,,256,131,5,6,http://localhost:3000/non-blocking,1003,0,0
1694499446829,1003,Non blocking http request,200,OK,Non blocking request threads 1-4,text,true,,256,131,5,6,http://localhost:3000/non-blocking,1003,0,0
1694499447832,1003,Blocking request,200,OK,Blocking request threads 2-1,text,true,,271,127,1,6,http://localhost:3000/blocking,1003,0,0
1694499447832,1003,Non blocking http request,200,OK,Non blocking request threads 1-3,text,true,,256,131,5,6,http://localhost:3000/non-blocking,1003,0,0
1694499447832,1003,Non blocking http request,200,OK,Non blocking request threads 1-1,text,true,,256,131,5,6,http://localhost:3000/non-blocking,1003,0,0
1694499447832,1003,Non blocking http request,200,OK,Non blocking request threads 1-2,text,true,,256,131,5,6,http://localhost:3000/non-blocking,1003,0,0
1694499446829,2006,Non blocking http request,200,OK,Non blocking request threads 1-5,text,true,,256,131,5,6,http://localhost:3000/non-blocking,2006,0,0
1694499448835,1002,Blocking request,200,OK,Blocking request threads 2-1,text,true,,271,127,1,6,http://localhost:3000/blocking,1002,0,0
1694499448835,1003,Non blocking http request,200,OK,Non blocking request threads 1-3,text,true,,256,131,5,6,http://localhost:3000/non-blocking,1003,0,0
1694499448835,1003,Non blocking http request,200,OK,Non blocking request threads 1-1,text,true,,256,131,5,6,http://localhost:3000/non-blocking,1003,0,0
1694499448835,1003,Non blocking http request,200,OK,Non blocking request threads 1-2,text,true,,256,131,5,6,http://localhost:3000/non-blocking,1003,0,0
1694499447832,2006,Non blocking http request,200,OK,Non blocking request threads 1-4,text,true,,256,131,5,6,http://localhost:3000/non-blocking,2006,0,0
1694499449839,1002,Blocking request,200,OK,Blocking request threads 2-1,text,true,,271,127,1,6,http://localhost:3000/blocking,1002,0,0
1694499449839,1003,Non blocking http request,200,OK,Non blocking request threads 1-3,text,true,,256,131,5,6,http://localhost:3000/non-blocking,1003,0,0
1694499449839,1003,Non blocking http request,200,OK,Non blocking request threads 1-1,text,true,,256,131,5,6,http://localhost:3000/non-blocking,1003,0,0
1694499449839,1003,Non blocking http request,200,OK,Non blocking request threads 1-2,text,true,,256,131,5,6,http://localhost:3000/non-blocking,1003,0,0
1694499448835,2006,Non blocking http request,200,OK,Non blocking request threads 1-5,text,true,,256,131,5,6,http://localhost:3000/non-blocking,2006,0,0
1694499450842,1009,Blocking request,200,OK,Blocking request threads 2-1,text,true,,271,127,1,6,http://localhost:3000/blocking,1009,0,0
1694499450842,1009,Non blocking http request,200,OK,Non blocking request threads 1-3,text,true,,256,131,5,6,http://localhost:3000/non-blocking,1009,0,0
1694499450842,1010,Non blocking http request,200,OK,Non blocking request threads 1-1,text,true,,256,131,5,6,http://localhost:3000/non-blocking,1010,0,0
1694499450842,1010,Non blocking http request,200,OK,Non blocking request threads 1-2,text,true,,256,131,5,6,http://localhost:3000/non-blocking,1010,0,0
1694499449839,2013,Non blocking http request,200,OK,Non blocking request threads 1-4,text,true,,256,131,5,6,http://localhost:3000/non-blocking,2013,0,0
1694499451851,1007,Blocking request,200,OK,Blocking request threads 2-1,text,true,,271,127,1,6,http://localhost:3000/blocking,1007,0,0
1694499451851,1007,Non blocking http request,200,OK,Non blocking request threads 1-3,text,true,,256,131,5,6,http://localhost:3000/non-blocking,1007,0,0
1694499451852,1007,Non blocking http request,200,OK,Non blocking request threads 1-1,text,true,,256,131,5,6,http://localhost:3000/non-blocking,1007,0,0
1694499451852,1007,Non blocking http request,200,OK,Non blocking request threads 1-2,text,true,,256,131,5,6,http://localhost:3000/non-blocking,1007,0,0
1694499450842,2017,Non blocking http request,200,OK,Non blocking request threads 1-5,text,true,,256,131,5,6,http://localhost:3000/non-blocking,2017,0,0
1694499452858,1003,Blocking request,200,OK,Blocking request threads 2-1,text,true,,271,127,1,6,http://localhost:3000/blocking,1003,0,0
1694499452858,1003,Non blocking http request,200,OK,Non blocking request threads 1-3,text,true,,256,131,5,6,http://localhost:3000/non-blocking,1003,0,0
1694499452859,1002,Non blocking http request,200,OK,Non blocking request threads 1-1,text,true,,256,131,5,6,http://localhost:3000/non-blocking,1002,0,0
1694499452859,1003,Non blocking http request,200,OK,Non blocking request threads 1-2,text,true,,256,131,5,6,http://localhost:3000/non-blocking,1003,0,0
1694499451852,2010,Non blocking http request,200,OK,Non blocking request threads 1-4,text,true,,256,131,5,6,http://localhost:3000/non-blocking,2010,0,0
1694499453861,1003,Blocking request,200,OK,Blocking request threads 2-1,text,true,,271,127,1,6,http://localhost:3000/blocking,1003,0,0
1694499453861,1004,Non blocking http request,200,OK,Non blocking request threads 1-3,text,true,,256,131,5,6,http://localhost:3000/non-blocking,1004,0,0
1694499453862,1003,Non blocking http request,200,OK,Non blocking request threads 1-1,text,true,,256,131,5,6,http://localhost:3000/non-blocking,1003,0,0
1694499453862,1003,Non blocking http request,200,OK,Non blocking request threads 1-2,text,true,,256,131,5,6,http://localhost:3000/non-blocking,1003,0,0
1694499452859,2006,Non blocking http request,200,OK,Non blocking request threads 1-5,text,true,,256,131,5,6,http://localhost:3000/non-blocking,2006,0,0
1694499454864,1005,Blocking request,200,OK,Blocking request threads 2-1,text,true,,271,127,1,6,http://localhost:3000/blocking,1005,0,0
1694499454865,1004,Non blocking http request,200,OK,Non blocking request threads 1-3,text,true,,256,131,5,6,http://localhost:3000/non-blocking,1004,0,0
1694499454865,1004,Non blocking http request,200,OK,Non blocking request threads 1-1,text,true,,256,131,5,6,http://localhost:3000/non-blocking,1004,0,0
1694499454865,1004,Non blocking http request,200,OK,Non blocking request threads 1-2,text,true,,256,131,5,6,http://localhost:3000/non-blocking,1004,0,0
1694499453862,2007,Non blocking http request,200,OK,Non blocking request threads 1-4,text,true,,256,131,5,6,http://localhost:3000/non-blocking,2007,0,0
1694499455869,1007,Blocking request,200,OK,Blocking request threads 2-1,text,true,,271,127,1,6,http://localhost:3000/blocking,1007,0,0
1694499455869,1007,Non blocking http request,200,OK,Non blocking request threads 1-3,text,true,,256,131,5,6,http://localhost:3000/non-blocking,1007,0,0
1694499455869,1007,Non blocking http request,200,OK,Non blocking request threads 1-1,text,true,,256,131,5,6,http://localhost:3000/non-blocking,1007,0,0
1694499455869,1007,Non blocking http request,200,OK,Non blocking request threads 1-2,text,true,,256,131,5,6,http://localhost:3000/non-blocking,1007,0,0
1694499454865,2012,Non blocking http request,200,OK,Non blocking request threads 1-5,text,true,,256,131,5,6,http://localhost:3000/non-blocking,2012,0,0
1694499456876,1005,Blocking request,200,OK,Blocking request threads 2-1,text,true,,271,127,1,6,http://localhost:3000/blocking,1005,0,0
1694499456876,1005,Non blocking http request,200,OK,Non blocking request threads 1-3,text,true,,256,131,5,6,http://localhost:3000/non-blocking,1005,0,0
1694499456876,1005,Non blocking http request,200,OK,Non blocking request threads 1-1,text,true,,256,131,5,6,http://localhost:3000/non-blocking,1005,0,0
1694499456876,1006,Non blocking http request,200,OK,Non blocking request threads 1-2,text,true,,256,131,5,6,http://localhost:3000/non-blocking,1006,0,0
1694499455869,2013,Non blocking http request,200,OK,Non blocking request threads 1-4,text,true,,256,131,5,6,http://localhost:3000/non-blocking,2013,0,0
1694499457881,1002,Blocking request,200,OK,Blocking request threads 2-1,text,true,,271,127,1,6,http://localhost:3000/blocking,1002,0,0
1694499457881,1002,Non blocking http request,200,OK,Non blocking request threads 1-3,text,true,,256,131,5,6,http://localhost:3000/non-blocking,1002,0,0
1694499457881,1002,Non blocking http request,200,OK,Non blocking request threads 1-1,text,true,,256,131,5,6,http://localhost:3000/non-blocking,1002,0,0
1694499457882,1002,Non blocking http request,200,OK,Non blocking request threads 1-2,text,true,,256,131,5,6,http://localhost:3000/non-blocking,1002,0,0
1694499456877,2007,Non blocking http request,200,OK,Non blocking request threads 1-5,text,true,,256,131,5,6,http://localhost:3000/non-blocking,2007,0,0
1694499458883,1002,Blocking request,200,OK,Blocking request threads 2-1,text,true,,271,127,1,6,http://localhost:3000/blocking,1002,0,0
1694499458883,1002,Non blocking http request,200,OK,Non blocking request threads 1-3,text,true,,256,131,5,6,http://localhost:3000/non-blocking,1002,0,0
1694499458883,1002,Non blocking http request,200,OK,Non blocking request threads 1-1,text,true,,256,131,5,6,http://localhost:3000/non-blocking,1002,0,0
1694499458884,1002,Non blocking http request,200,OK,Non blocking request threads 1-2,text,true,,256,131,5,6,http://localhost:3000/non-blocking,1001,0,0
1694499457882,2004,Non blocking http request,200,OK,Non blocking request threads 1-4,text,true,,256,131,5,6,http://localhost:3000/non-blocking,2004,0,0
1694499459884,1001,Blocking request,200,OK,Blocking request threads 2-1,text,true,,271,127,1,6,http://localhost:3000/blocking,1001,0,0
1694499459884,1002,Non blocking http request,200,OK,Non blocking request threads 1-3,text,true,,256,131,5,6,http://localhost:3000/non-blocking,1002,0,0
1694499459884,1002,Non blocking http request,200,OK,Non blocking request threads 1-1,text,true,,256,131,5,6,http://localhost:3000/non-blocking,1002,0,0
1694499459885,1002,Non blocking http request,200,OK,Non blocking request threads 1-2,text,true,,256,131,5,6,http://localhost:3000/non-blocking,1002,0,0
1694499458884,2004,Non blocking http request,200,OK,Non blocking request threads 1-5,text,true,,256,131,5,6,http://localhost:3000/non-blocking,2004,0,0
1694499460886,1005,Blocking request,200,OK,Blocking request threads 2-1,text,true,,271,127,1,6,http://localhost:3000/blocking,1005,0,0
1694499460886,1005,Non blocking http request,200,OK,Non blocking request threads 1-3,text,true,,256,131,5,6,http://localhost:3000/non-blocking,1005,0,0
1694499460886,1005,Non blocking http request,200,OK,Non blocking request threads 1-1,text,true,,256,131,5,6,http://localhost:3000/non-blocking,1005,0,0
1694499460887,1004,Non blocking http request,200,OK,Non blocking request threads 1-2,text,true,,256,131,5,6,http://localhost:3000/non-blocking,1004,0,0
1694499459885,2006,Non blocking http request,200,OK,Non blocking request threads 1-4,text,true,,256,131,5,6,http://localhost:3000/non-blocking,2006,0,0
1694499461891,1009,Blocking request,200,OK,Blocking request threads 2-1,text,true,,271,127,1,6,http://localhost:3000/blocking,1009,0,0
1694499461891,1009,Non blocking http request,200,OK,Non blocking request threads 1-3,text,true,,256,131,5,6,http://localhost:3000/non-blocking,1009,0,0
1694499461891,1010,Non blocking http request,200,OK,Non blocking request threads 1-1,text,true,,256,131,5,6,http://localhost:3000/non-blocking,1010,0,0
1694499461891,1010,Non blocking http request,200,OK,Non blocking request threads 1-2,text,true,,256,131,5,6,http://localhost:3000/non-blocking,1010,0,0
1694499460887,2014,Non blocking http request,200,OK,Non blocking request threads 1-5,text,true,,256,131,5,6,http://localhost:3000/non-blocking,2014,0,0
1694499462900,1002,Blocking request,200,OK,Blocking request threads 2-1,text,true,,271,127,1,6,http://localhost:3000/blocking,1002,0,0
1694499462900,1002,Non blocking http request,200,OK,Non blocking request threads 1-3,text,true,,256,131,5,6,http://localhost:3000/non-blocking,1002,0,0
1694499462901,1001,Non blocking http request,200,OK,Non blocking request threads 1-1,text,true,,256,131,5,6,http://localhost:3000/non-blocking,1001,0,0
1694499462901,1001,Non blocking http request,200,OK,Non blocking request threads 1-2,text,true,,256,131,5,6,http://localhost:3000/non-blocking,1001,0,0
1694499461891,2012,Non blocking http request,200,OK,Non blocking request threads 1-4,text,true,,256,131,5,6,http://localhost:3000/non-blocking,2012,0,0
1694499463902,1002,Blocking request,200,OK,Blocking request threads 2-1,text,true,,271,127,1,6,http://localhost:3000/blocking,1002,0,0
1694499463902,1002,Non blocking http request,200,OK,Non blocking request threads 1-3,text,true,,256,131,5,6,http://localhost:3000/non-blocking,1002,0,0
1694499463902,1002,Non blocking http request,200,OK,Non blocking request threads 1-1,text,true,,256,131,5,6,http://localhost:3000/non-blocking,1002,0,0
1694499463902,1002,Non blocking http request,200,OK,Non blocking request threads 1-2,text,true,,256,131,5,6,http://localhost:3000/non-blocking,1002,0,0
1694499462901,2004,Non blocking http request,200,OK,Non blocking request threads 1-5,text,true,,256,131,5,6,http://localhost:3000/non-blocking,2004,0,0
1694499464904,1000,Blocking request,200,OK,Blocking request threads 2-1,text,true,,271,127,1,6,http://localhost:3000/blocking,1000,0,0
1694499464904,1000,Non blocking http request,200,OK,Non blocking request threads 1-3,text,true,,256,131,5,6,http://localhost:3000/non-blocking,1000,0,0
1694499464904,1001,Non blocking http request,200,OK,Non blocking request threads 1-1,text,true,,256,131,5,6,http://localhost:3000/non-blocking,1001,0,0
1694499464905,1000,Non blocking http request,200,OK,Non blocking request threads 1-2,text,true,,256,131,5,6,http://localhost:3000/non-blocking,1000,0,0
1694499463903,2002,Non blocking http request,200,OK,Non blocking request threads 1-4,text,true,,256,131,5,6,http://localhost:3000/non-blocking,2002,0,0
1694499465904,1001,Blocking request,200,OK,Blocking request threads 2-1,text,true,,271,127,1,6,http://localhost:3000/blocking,1000,0,0
1694499465905,1000,Non blocking http request,200,OK,Non blocking request threads 1-3,text,true,,256,131,5,6,http://localhost:3000/non-blocking,1000,0,0
1694499465905,1000,Non blocking http request,200,OK,Non blocking request threads 1-1,text,true,,256,131,5,6,http://localhost:3000/non-blocking,1000,0,0
1694499465905,1000,Non blocking http request,200,OK,Non blocking request threads 1-2,text,true,,256,131,5,6,http://localhost:3000/non-blocking,1000,0,0
1694499464905,2000,Non blocking http request,200,OK,Non blocking request threads 1-5,text,true,,256,131,5,6,http://localhost:3000/non-blocking,2000,0,0
1694499466905,1009,Blocking request,200,OK,Blocking request threads 2-1,text,true,,271,127,1,6,http://localhost:3000/blocking,1009,0,0
1694499466905,1009,Non blocking http request,200,OK,Non blocking request threads 1-3,text,true,,256,131,5,6,http://localhost:3000/non-blocking,1009,0,0
1694499466905,1010,Non blocking http request,200,OK,Non blocking request threads 1-1,text,true,,256,131,5,6,http://localhost:3000/non-blocking,1010,0,0
1694499466905,1010,Non blocking http request,200,OK,Non blocking request threads 1-2,text,true,,256,131,5,6,http://localhost:3000/non-blocking,1010,0,0
1694499465905,2010,Non blocking http request,200,OK,Non blocking request threads 1-4,text,true,,256,131,5,6,http://localhost:3000/non-blocking,2010,0,0
1694499467914,1001,Blocking request,200,OK,Blocking request threads 2-1,text,true,,271,127,1,6,http://localhost:3000/blocking,1001,0,0
1694499467915,1000,Non blocking http request,200,OK,Non blocking request threads 1-3,text,true,,256,131,5,6,http://localhost:3000/non-blocking,1000,0,0
1694499467915,1001,Non blocking http request,200,OK,Non blocking request threads 1-1,text,true,,256,131,5,6,http://localhost:3000/non-blocking,1001,0,0
1694499467915,1001,Non blocking http request,200,OK,Non blocking request threads 1-2,text,true,,256,131,5,6,http://localhost:3000/non-blocking,1001,0,0
1694499466905,2012,Non blocking http request,200,OK,Non blocking request threads 1-5,text,true,,256,131,5,6,http://localhost:3000/non-blocking,2012,0,0
1694499468915,1003,Blocking request,200,OK,Blocking request threads 2-1,text,true,,271,127,1,6,http://localhost:3000/blocking,1003,0,0
1694499468915,1004,Non blocking http request,200,OK,Non blocking request threads 1-3,text,true,,256,131,5,6,http://localhost:3000/non-blocking,1004,0,0
1694499468916,1003,Non blocking http request,200,OK,Non blocking request threads 1-1,text,true,,256,131,5,6,http://localhost:3000/non-blocking,1003,0,0
1694499468916,1003,Non blocking http request,200,OK,Non blocking request threads 1-2,text,true,,256,131,5,6,http://localhost:3000/non-blocking,1003,0,0
1694499467915,2004,Non blocking http request,200,OK,Non blocking request threads 1-4,text,true,,256,131,5,6,http://localhost:3000/non-blocking,2004,0,0
1694499469918,1004,Blocking request,200,OK,Blocking request threads 2-1,text,true,,271,127,1,6,http://localhost:3000/blocking,1004,0,0
1694499469919,1003,Non blocking http request,200,OK,Non blocking request threads 1-3,text,true,,256,131,5,6,http://localhost:3000/non-blocking,1003,0,0
1694499469919,1003,Non blocking http request,200,OK,Non blocking request threads 1-1,text,true,,256,131,5,6,http://localhost:3000/non-blocking,1003,0,0
1694499469919,1003,Non blocking http request,200,OK,Non blocking request threads 1-2,text,true,,256,131,5,6,http://localhost:3000/non-blocking,1003,0,0
1694499468917,2006,Non blocking http request,200,OK,Non blocking request threads 1-5,text,true,,256,131,5,6,http://localhost:3000/non-blocking,2006,0,0
1694499470922,1009,Blocking request,200,OK,Blocking request threads 2-1,text,true,,271,127,1,6,http://localhost:3000/blocking,1009,0,0
1694499470922,1009,Non blocking http request,200,OK,Non blocking request threads 1-3,text,true,,256,131,5,6,http://localhost:3000/non-blocking,1009,0,0
1694499470922,1009,Non blocking http request,200,OK,Non blocking request threads 1-1,text,true,,256,131,5,6,http://localhost:3000/non-blocking,1009,0,0
1694499470922,1009,Non blocking http request,200,OK,Non blocking request threads 1-2,text,true,,256,131,5,6,http://localhost:3000/non-blocking,1009,0,0
1694499469919,2013,Non blocking http request,200,OK,Non blocking request threads 1-4,text,true,,256,131,5,6,http://localhost:3000/non-blocking,2013,0,0
1694499471931,1012,Blocking request,200,OK,Blocking request threads 2-1,text,true,,271,127,1,6,http://localhost:3000/blocking,1012,0,0
1694499471931,1012,Non blocking http request,200,OK,Non blocking request threads 1-3,text,true,,256,131,5,6,http://localhost:3000/non-blocking,1012,0,0
1694499471931,1013,Non blocking http request,200,OK,Non blocking request threads 1-1,text,true,,256,131,5,6,http://localhost:3000/non-blocking,1013,0,0
1694499471931,1013,Non blocking http request,200,OK,Non blocking request threads 1-2,text,true,,256,131,5,6,http://localhost:3000/non-blocking,1013,0,0
1694499470923,2021,Non blocking http request,200,OK,Non blocking request threads 1-5,text,true,,256,131,5,6,http://localhost:3000/non-blocking,2021,0,0
1694499472943,1003,Blocking request,200,OK,Blocking request threads 2-1,text,true,,271,127,1,6,http://localhost:3000/blocking,1003,0,0
1694499472943,1003,Non blocking http request,200,OK,Non blocking request threads 1-3,text,true,,256,131,5,6,http://localhost:3000/non-blocking,1003,0,0
1694499472944,1003,Non blocking http request,200,OK,Non blocking request threads 1-1,text,true,,256,131,5,6,http://localhost:3000/non-blocking,1003,0,0
1694499472944,1003,Non blocking http request,200,OK,Non blocking request threads 1-2,text,true,,256,131,5,6,http://localhost:3000/non-blocking,1003,0,0
1694499471932,2015,Non blocking http request,200,OK,Non blocking request threads 1-4,text,true,,256,131,5,6,http://localhost:3000/non-blocking,2015,0,0
1694499473946,1006,Blocking request,200,OK,Blocking request threads 2-1,text,true,,271,127,1,6,http://localhost:3000/blocking,1006,0,0
1694499473946,1006,Non blocking http request,200,OK,Non blocking request threads 1-3,text,true,,256,131,5,6,http://localhost:3000/non-blocking,1006,0,0
1694499473947,1005,Non blocking http request,200,OK,Non blocking request threads 1-1,text,true,,256,131,5,6,http://localhost:3000/non-blocking,1005,0,0
1694499473947,1006,Non blocking http request,200,OK,Non blocking request threads 1-2,text,true,,256,131,5,6,http://localhost:3000/non-blocking,1006,0,0
1694499472944,2009,Non blocking http request,200,OK,Non blocking request threads 1-5,text,true,,256,131,5,6,http://localhost:3000/non-blocking,2009,0,0
1694499474952,1002,Blocking request,200,OK,Blocking request threads 2-1,text,true,,271,127,1,6,http://localhost:3000/blocking,1002,0,0
1694499474952,1002,Non blocking http request,200,OK,Non blocking request threads 1-3,text,true,,256,131,5,6,http://localhost:3000/non-blocking,1002,0,0
1694499474953,1001,Non blocking http request,200,OK,Non blocking request threads 1-1,text,true,,256,131,5,6,http://localhost:3000/non-blocking,1001,0,0
1694499474953,1002,Non blocking http request,200,OK,Non blocking request threads 1-2,text,true,,256,131,5,6,http://localhost:3000/non-blocking,1002,0,0
1694499473947,2008,Non blocking http request,200,OK,Non blocking request threads 1-4,text,true,,256,131,5,6,http://localhost:3000/non-blocking,2008,0,0
1694499475954,1003,Blocking request,200,OK,Blocking request threads 2-1,text,true,,271,127,1,6,http://localhost:3000/blocking,1003,0,0
1694499475954,1004,Non blocking http request,200,OK,Non blocking request threads 1-3,text,true,,256,131,5,6,http://localhost:3000/non-blocking,1004,0,0
1694499475955,1003,Non blocking http request,200,OK,Non blocking request threads 1-1,text,true,,256,131,5,6,http://localhost:3000/non-blocking,1003,0,0
1694499475955,1003,Non blocking http request,200,OK,Non blocking request threads 1-2,text,true,,256,131,5,6,http://localhost:3000/non-blocking,1003,0,0
1694499474953,2006,Non blocking http request,200,OK,Non blocking request threads 1-5,text,true,,256,131,5,6,http://localhost:3000/non-blocking,2006,0,0
1694499476958,1009,Blocking request,200,OK,Blocking request threads 2-1,text,true,,271,127,1,6,http://localhost:3000/blocking,1009,0,0
1694499476958,1009,Non blocking http request,200,OK,Non blocking request threads 1-3,text,true,,256,131,5,6,http://localhost:3000/non-blocking,1009,0,0
1694499476958,1009,Non blocking http request,200,OK,Non blocking request threads 1-1,text,true,,256,131,5,6,http://localhost:3000/non-blocking,1009,0,0
1694499476958,1009,Non blocking http request,200,OK,Non blocking request threads 1-2,text,true,,256,131,5,6,http://localhost:3000/non-blocking,1009,0,0
1694499475955,2013,Non blocking http request,200,OK,Non blocking request threads 1-4,text,true,,256,131,5,6,http://localhost:3000/non-blocking,2013,0,0
1694499477967,1001,Blocking request,200,OK,Blocking request threads 2-1,text,true,,271,127,1,6,http://localhost:3000/blocking,1001,0,0
1694499477967,1001,Non blocking http request,200,OK,Non blocking request threads 1-3,text,true,,256,131,5,6,http://localhost:3000/non-blocking,1001,0,0
1694499477967,1001,Non blocking http request,200,OK,Non blocking request threads 1-1,text,true,,256,131,5,6,http://localhost:3000/non-blocking,1001,0,0
1694499477967,1001,Non blocking http request,200,OK,Non blocking request threads 1-2,text,true,,256,131,5,6,http://localhost:3000/non-blocking,1001,0,0
1694499476959,2009,Non blocking http request,200,OK,Non blocking request threads 1-5,text,true,,256,131,5,6,http://localhost:3000/non-blocking,2009,0,0
1694499478968,1001,Blocking request,200,OK,Blocking request threads 2-1,text,true,,271,127,1,6,http://localhost:3000/blocking,1001,0,0
1694499478968,1002,Non blocking http request,200,OK,Non blocking request threads 1-3,text,true,,256,131,5,6,http://localhost:3000/non-blocking,1002,0,0
1694499478968,1002,Non blocking http request,200,OK,Non blocking request threads 1-1,text,true,,256,131,5,6,http://localhost:3000/non-blocking,1002,0,0
1694499478968,1002,Non blocking http request,200,OK,Non blocking request threads 1-2,text,true,,256,131,5,6,http://localhost:3000/non-blocking,1002,0,0
1694499477968,2002,Non blocking http request,200,OK,Non blocking request threads 1-4,text,true,,256,131,5,6,http://localhost:3000/non-blocking,2002,0,0
1694499479969,1001,Blocking request,200,OK,Blocking request threads 2-1,text,true,,271,127,1,6,http://localhost:3000/blocking,1001,0,0
1694499479970,1000,Non blocking http request,200,OK,Non blocking request threads 1-3,text,true,,256,131,5,6,http://localhost:3000/non-blocking,1000,0,0
1694499479970,1000,Non blocking http request,200,OK,Non blocking request threads 1-1,text,true,,256,131,5,6,http://localhost:3000/non-blocking,1000,0,0
1694499479970,1000,Non blocking http request,200,OK,Non blocking request threads 1-2,text,true,,256,131,5,6,http://localhost:3000/non-blocking,1000,0,0
1694499478968,2003,Non blocking http request,200,OK,Non blocking request threads 1-5,text,true,,256,131,5,6,http://localhost:3000/non-blocking,2003,0,0
1694499480970,1000,Blocking request,200,OK,Blocking request threads 2-1,text,true,,271,127,1,6,http://localhost:3000/blocking,1000,0,0
1694499480970,1000,Non blocking http request,200,OK,Non blocking request threads 1-3,text,true,,256,131,5,6,http://localhost:3000/non-blocking,1000,0,0
1694499480970,1000,Non blocking http request,200,OK,Non blocking request threads 1-1,text,true,,256,131,5,6,http://localhost:3000/non-blocking,1000,0,0
1694499480970,1001,Non blocking http request,200,OK,Non blocking request threads 1-2,text,true,,256,131,5,6,http://localhost:3000/non-blocking,1000,0,0
1694499479970,2001,Non blocking http request,200,OK,Non blocking request threads 1-4,text,true,,256,131,4,5,http://localhost:3000/non-blocking,2001,0,0
1694499481970,1010,Blocking request,200,OK,Blocking request threads 2-1,text,true,,271,127,1,5,http://localhost:3000/blocking,1010,0,0
1694499481970,1010,Non blocking http request,200,OK,Non blocking request threads 1-3,text,true,,256,131,4,5,http://localhost:3000/non-blocking,1010,0,0
1694499481971,1010,Non blocking http request,200,OK,Non blocking request threads 1-2,text,true,,256,131,4,4,http://localhost:3000/non-blocking,1010,0,0
1694499480971,2010,Non blocking http request,200,OK,Non blocking request threads 1-5,text,true,,256,131,4,4,http://localhost:3000/non-blocking,2010,0,0
1694499482980,1,Non blocking http request,200,OK,Non blocking request threads 1-3,text,true,,256,131,4,4,http://localhost:3000/non-blocking,1,0,0
1694499482981,0,Non blocking http request,200,OK,Non blocking request threads 1-2,text,true,,256,131,4,4,http://localhost:3000/non-blocking,0,0,0
1694499482981,1,Non blocking http request,200,OK,Non blocking request threads 1-5,text,true,,256,131,4,4,http://localhost:3000/non-blocking,1,0,0
1694499481971,1011,Non blocking http request,200,OK,Non blocking request threads 1-4,text,true,,256,131,4,4,http://localhost:3000/non-blocking,1011,0,0
1694499482981,1,Non blocking http request,200,OK,Non blocking request threads 1-3,text,true,,256,131,4,4,http://localhost:3000/non-blocking,1,0,0
1694499482981,1,Non blocking http request,200,OK,Non blocking request threads 1-2,text,true,,256,131,4,4,http://localhost:3000/non-blocking,1,0,0
1694499482982,0,Non blocking http request,200,OK,Non blocking request threads 1-5,text,true,,256,131,3,3,http://localhost:3000/non-blocking,0,0,0
1694499482982,1,Non blocking http request,200,OK,Non blocking request threads 1-4,text,true,,256,131,2,2,http://localhost:3000/non-blocking,1,0,0
1694499482983,0,Non blocking http request,200,OK,Non blocking request threads 1-5,text,true,,256,131,2,2,http://localhost:3000/non-blocking,0,0,0
1694499482983,0,Non blocking http request,200,OK,Non blocking request threads 1-5,text,true,,256,131,2,2,http://localhost:3000/non-blocking,0,0,0
1694499482983,0,Non blocking http request,200,OK,Non blocking request threads 1-4,text,true,,256,131,2,2,http://localhost:3000/non-blocking,0,0,0
1694499482983,1,Non blocking http request,200,OK,Non blocking request threads 1-5,text,true,,256,131,2,2,http://localhost:3000/non-blocking,1,0,0
1694499482983,1,Non blocking http request,200,OK,Non blocking request threads 1-4,text,true,,256,131,2,2,http://localhost:3000/non-blocking,1,0,0
1694499482984,0,Non blocking http request,200,OK,Non blocking request threads 1-5,text,true,,256,131,2,2,http://localhost:3000/non-blocking,0,0,0
1694499482984,0,Non blocking http request,200,OK,Non blocking request threads 1-4,text,true,,256,131,2,2,http://localhost:3000/non-blocking,0,0,0
1694499482984,1,Non blocking http request,200,OK,Non blocking request threads 1-5,text,true,,256,131,2,2,http://localhost:3000/non-blocking,1,0,0
1694499482984,1,Non blocking http request,200,OK,Non blocking request threads 1-4,text,true,,256,131,2,2,http://localhost:3000/non-blocking,1,0,0
1694499482985,0,Non blocking http request,200,OK,Non blocking request threads 1-5,text,true,,256,131,2,2,http://localhost:3000/non-blocking,0,0,0
1694499482985,0,Non blocking http request,200,OK,Non blocking request threads 1-4,text,true,,256,131,2,2,http://localhost:3000/non-blocking,0,0,0
1694499482985,0,Non blocking http request,200,OK,Non blocking request threads 1-5,text,true,,256,131,2,2,http://localhost:3000/non-blocking,0,0,0
1694499482985,0,Non blocking http request,200,OK,Non blocking request threads 1-4,text,true,,256,131,2,2,http://localhost:3000/non-blocking,0,0,0
1694499482985,1,Non blocking http request,200,OK,Non blocking request threads 1-5,text,true,,256,131,2,2,http://localhost:3000/non-blocking,1,0,0
1694499482985,1,Non blocking http request,200,OK,Non blocking request threads 1-4,text,true,,256,131,2,2,http://localhost:3000/non-blocking,1,0,0
1694499482986,0,Non blocking http request,200,OK,Non blocking request threads 1-5,text,true,,256,131,2,2,http://localhost:3000/non-blocking,0,0,0
1694499482986,0,Non blocking http request,200,OK,Non blocking request threads 1-4,text,true,,256,131,2,2,http://localhost:3000/non-blocking,0,0,0
1694499482986,0,Non blocking http request,200,OK,Non blocking request threads 1-5,text,true,,256,131,2,2,http://localhost:3000/non-blocking,0,0,0
1694499482986,0,Non blocking http request,200,OK,Non blocking request threads 1-4,text,true,,256,131,2,2,http://localhost:3000/non-blocking,0,0,0
1694499482986,1,Non blocking http request,200,OK,Non blocking request threads 1-5,text,true,,256,131,2,2,http://localhost:3000/non-blocking,1,0,0
1694499482986,1,Non blocking http request,200,OK,Non blocking request threads 1-4,text,true,,256,131,2,2,http://localhost:3000/non-blocking,1,0,0
1694499482987,0,Non blocking http request,200,OK,Non blocking request threads 1-5,text,true,,256,131,2,2,http://localhost:3000/non-blocking,0,0,0
1694499482987,0,Non blocking http request,200,OK,Non blocking request threads 1-4,text,true,,256,131,2,2,http://localhost:3000/non-blocking,0,0,0
1694499482987,0,Non blocking http request,200,OK,Non blocking request threads 1-5,text,true,,256,131,2,2,http://localhost:3000/non-blocking,0,0,0
1694499482987,1,Non blocking http request,200,OK,Non blocking request threads 1-4,text,true,,256,131,2,2,http://localhost:3000/non-blocking,1,0,0
1694499482987,1,Non blocking http request,200,OK,Non blocking request threads 1-5,text,true,,256,131,2,2,http://localhost:3000/non-blocking,1,0,0
1694499482988,0,Non blocking http request,200,OK,Non blocking request threads 1-4,text,true,,256,131,2,2,http://localhost:3000/non-blocking,0,0,0
1694499482988,0,Non blocking http request,200,OK,Non blocking request threads 1-5,text,true,,256,131,2,2,http://localhost:3000/non-blocking,0,0,0
1694499482988,0,Non blocking http request,200,OK,Non blocking request threads 1-4,text,true,,256,131,2,2,http://localhost:3000/non-blocking,0,0,0
1694499482988,0,Non blocking http request,200,OK,Non blocking request threads 1-5,text,true,,256,131,2,2,http://localhost:3000/non-blocking,0,0,0
1694499482988,1,Non blocking http request,200,OK,Non blocking request threads 1-4,text,true,,256,131,2,2,http://localhost:3000/non-blocking,1,0,0
1694499482988,1,Non blocking http request,200,OK,Non blocking request threads 1-5,text,true,,256,131,2,2,http://localhost:3000/non-blocking,1,0,0
1694499482989,0,Non blocking http request,200,OK,Non blocking request threads 1-4,text,true,,256,131,2,2,http://localhost:3000/non-blocking,0,0,0
1694499482989,0,Non blocking http request,200,OK,Non blocking request threads 1-5,text,true,,256,131,2,2,http://localhost:3000/non-blocking,0,0,0
1694499482989,0,Non blocking http request,200,OK,Non blocking request threads 1-4,text,true,,256,131,2,2,http://localhost:3000/non-blocking,0,0,0
1694499482989,0,Non blocking http request,200,OK,Non blocking request threads 1-5,text,true,,256,131,2,2,http://localhost:3000/non-blocking,0,0,0
1694499482989,1,Non blocking http request,200,OK,Non blocking request threads 1-4,text,true,,256,131,2,2,http://localhost:3000/non-blocking,1,0,0
1694499482989,1,Non blocking http request,200,OK,Non blocking request threads 1-5,text,true,,256,131,2,2,http://localhost:3000/non-blocking,1,0,0
1694499482990,0,Non blocking http request,200,OK,Non blocking request threads 1-4,text,true,,256,131,2,2,http://localhost:3000/non-blocking,0,0,0
1694499482990,0,Non blocking http request,200,OK,Non blocking request threads 1-5,text,true,,256,131,2,2,http://localhost:3000/non-blocking,0,0,0
1694499482990,0,Non blocking http request,200,OK,Non blocking request threads 1-4,text,true,,256,131,2,2,http://localhost:3000/non-blocking,0,0,0
1694499482990,0,Non blocking http request,200,OK,Non blocking request threads 1-5,text,true,,256,131,2,2,http://localhost:3000/non-blocking,0,0,0
1694499482990,1,Non blocking http request,200,OK,Non blocking request threads 1-4,text,true,,256,131,2,2,http://localhost:3000/non-blocking,1,0,0
1694499482990,1,Non blocking http request,200,OK,Non blocking request threads 1-5,text,true,,256,131,2,2,http://localhost:3000/non-blocking,1,0,0
1694499482991,0,Non blocking http request,200,OK,Non blocking request threads 1-4,text,true,,256,131,2,2,http://localhost:3000/non-blocking,0,0,0
1694499482991,0,Non blocking http request,200,OK,Non blocking request threads 1-5,text,true,,256,131,2,2,http://localhost:3000/non-blocking,0,0,0
1694499482991,1,Non blocking http request,200,OK,Non blocking request threads 1-4,text,true,,256,131,2,2,http://localhost:3000/non-blocking,1,0,0
1694499482991,1,Non blocking http request,200,OK,Non blocking request threads 1-5,text,true,,256,131,2,2,http://localhost:3000/non-blocking,1,0,0
1694499482992,0,Non blocking http request,200,OK,Non blocking request threads 1-4,text,true,,256,131,2,2,http://localhost:3000/non-blocking,0,0,0
1694499482992,0,Non blocking http request,200,OK,Non blocking request threads 1-5,text,true,,256,131,2,2,http://localhost:3000/non-blocking,0,0,0
1694499482992,1,Non blocking http request,200,OK,Non blocking request threads 1-4,text,true,,256,131,2,2,http://localhost:3000/non-blocking,1,0,0
1694499482992,1,Non blocking http request,200,OK,Non blocking request threads 1-5,text,true,,256,131,2,2,http://localhost:3000/non-blocking,1,0,0
1694499482993,0,Non blocking http request,200,OK,Non blocking request threads 1-4,text,true,,256,131,2,2,http://localhost:3000/non-blocking,0,0,0
1694499482993,0,Non blocking http request,200,OK,Non blocking request threads 1-5,text,true,,256,131,2,2,http://localhost:3000/non-blocking,0,0,0
1694499482993,0,Non blocking http request,200,OK,Non blocking request threads 1-4,text,true,,256,131,2,2,http://localhost:3000/non-blocking,0,0,0
1694499482993,1,Non blocking http request,200,OK,Non blocking request threads 1-5,text,true,,256,131,2,2,http://localhost:3000/non-blocking,1,0,0
1694499482993,1,Non blocking http request,200,OK,Non blocking request threads 1-4,text,true,,256,131,2,2,http://localhost:3000/non-blocking,1,0,0
1694499482994,0,Non blocking http request,200,OK,Non blocking request threads 1-5,text,true,,256,131,2,2,http://localhost:3000/non-blocking,0,0,0
1694499482994,0,Non blocking http request,200,OK,Non blocking request threads 1-4,text,true,,256,131,2,2,http://localhost:3000/non-blocking,0,0,0
1694499482994,0,Non blocking http request,200,OK,Non blocking request threads 1-5,text,true,,256,131,2,2,http://localhost:3000/non-blocking,0,0,0
1694499482994,0,Non blocking http request,200,OK,Non blocking request threads 1-4,text,true,,256,131,2,2,http://localhost:3000/non-blocking,0,0,0
1694499482994,1,Non blocking http request,200,OK,Non blocking request threads 1-5,text,true,,256,131,2,2,http://localhost:3000/non-blocking,1,0,0
1694499482994,1,Non blocking http request,200,OK,Non blocking request threads 1-4,text,true,,256,131,2,2,http://localhost:3000/non-blocking,1,0,0
1694499482995,0,Non blocking http request,200,OK,Non blocking request threads 1-5,text,true,,256,131,2,2,http://localhost:3000/non-blocking,0,0,0
1694499482995,0,Non blocking http request,200,OK,Non blocking request threads 1-4,text,true,,256,131,2,2,http://localhost:3000/non-blocking,0,0,0
1694499482995,0,Non blocking http request,200,OK,Non blocking request threads 1-5,text,true,,256,131,2,2,http://localhost:3000/non-blocking,0,0,0
1694499482995,0,Non blocking http request,200,OK,Non blocking request threads 1-4,text,true,,256,131,2,2,http://localhost:3000/non-blocking,0,0,0
1694499482995,1,Non blocking http request,200,OK,Non blocking request threads 1-5,text,true,,256,131,2,2,http://localhost:3000/non-blocking,1,0,0
1694499482996,0,Non blocking http request,200,OK,Non blocking request threads 1-4,text,true,,256,131,2,2,http://localhost:3000/non-blocking,0,0,0
1694499482996,0,Non blocking http request,200,OK,Non blocking request threads 1-5,text,true,,256,131,2,2,http://localhost:3000/non-blocking,0,0,0
1694499482996,0,Non blocking http request,200,OK,Non blocking request threads 1-4,text,true,,256,131,2,2,http://localhost:3000/non-blocking,0,0,0
1694499482996,0,Non blocking http request,200,OK,Non blocking request threads 1-5,text,true,,256,131,2,2,http://localhost:3000/non-blocking,0,0,0
1694499482996,1,Non blocking http request,200,OK,Non blocking request threads 1-4,text,true,,256,131,2,2,http://localhost:3000/non-blocking,1,0,0
1694499482996,1,Non blocking http request,200,OK,Non blocking request threads 1-5,text,true,,256,131,2,2,http://localhost:3000/non-blocking,1,0,0
1694499482997,0,Non blocking http request,200,OK,Non blocking request threads 1-4,text,true,,256,131,2,2,http://localhost:3000/non-blocking,0,0,0
1694499482997,0,Non blocking http request,200,OK,Non blocking request threads 1-5,text,true,,256,131,2,2,http://localhost:3000/non-blocking,0,0,0
1694499482997,0,Non blocking http request,200,OK,Non blocking request threads 1-4,text,true,,256,131,2,2,http://localhost:3000/non-blocking,0,0,0
1694499482997,0,Non blocking http request,200,OK,Non blocking request threads 1-5,text,true,,256,131,2,2,http://localhost:3000/non-blocking,0,0,0
1694499482997,1,Non blocking http request,200,OK,Non blocking request threads 1-4,text,true,,256,131,2,2,http://localhost:3000/non-blocking,1,0,0
1694499482997,1,Non blocking http request,200,OK,Non blocking request threads 1-5,text,true,,256,131,2,2,http://localhost:3000/non-blocking,1,0,0
1694499482998,0,Non blocking http request,200,OK,Non blocking request threads 1-4,text,true,,256,131,2,2,http://localhost:3000/non-blocking,0,0,0
1694499482998,0,Non blocking http request,200,OK,Non blocking request threads 1-5,text,true,,256,131,2,2,http://localhost:3000/non-blocking,0,0,0
1694499482998,0,Non blocking http request,200,OK,Non blocking request threads 1-4,text,true,,256,131,2,2,http://localhost:3000/non-blocking,0,0,0
1694499482998,0,Non blocking http request,200,OK,Non blocking request threads 1-5,text,true,,256,131,2,2,http://localhost:3000/non-blocking,0,0,0
1694499482998,1,Non blocking http request,200,OK,Non blocking request threads 1-4,text,true,,256,131,2,2,http://localhost:3000/non-blocking,1,0,0
1694499482999,0,Non blocking http request,200,OK,Non blocking request threads 1-5,text,true,,256,131,2,2,http://localhost:3000/non-blocking,0,0,0
1694499482999,0,Non blocking http request,200,OK,Non blocking request threads 1-4,text,true,,256,131,2,2,http://localhost:3000/non-blocking,0,0,0
1694499482999,1,Non blocking http request,200,OK,Non blocking request threads 1-5,text,true,,256,131,2,2,http://localhost:3000/non-blocking,1,0,0
1694499483000,0,Non blocking http request,200,OK,Non blocking request threads 1-5,text,true,,256,131,2,2,http://localhost:3000/non-blocking,0,0,0
1694499482999,2,Non blocking http request,200,OK,Non blocking request threads 1-4,text,true,,256,131,2,2,http://localhost:3000/non-blocking,2,0,0
1694499483000,1,Non blocking http request,200,OK,Non blocking request threads 1-5,text,true,,256,131,2,2,http://localhost:3000/non-blocking,1,0,0
1694499483001,0,Non blocking http request,200,OK,Non blocking request threads 1-4,text,true,,256,131,1,1,http://localhost:3000/non-blocking,0,0,0
1694499483001,1,Non blocking http request,200,OK,Non blocking request threads 1-4,text,true,,256,131,1,1,http://localhost:3000/non-blocking,1,0,0
